PRAGMA foreign_keys=OFF;
BEGIN TRANSACTION;
CREATE TABLE "django_migrations" ("id" integer NOT NULL PRIMARY KEY AUTOINCREMENT, "app" varchar(255) NOT NULL, "name" varchar(255) NOT NULL, "applied" datetime NOT NULL);
INSERT INTO "django_migrations" VALUES(1,'contenttypes','0001_initial','2016-06-19 23:14:47.646929');
INSERT INTO "django_migrations" VALUES(2,'taggit','0001_initial','2016-06-19 23:14:47.671070');
INSERT INTO "django_migrations" VALUES(3,'taggit','0002_auto_20150616_2121','2016-06-19 23:14:47.695732');
INSERT INTO "django_migrations" VALUES(4,'contenttypes','0002_remove_content_type_name','2016-06-19 23:14:47.731211');
INSERT INTO "django_migrations" VALUES(5,'auth','0001_initial','2016-06-19 23:14:47.772881');
INSERT INTO "django_migrations" VALUES(6,'auth','0002_alter_permission_name_max_length','2016-06-19 23:14:47.803625');
INSERT INTO "django_migrations" VALUES(7,'auth','0003_alter_user_email_max_length','2016-06-19 23:14:47.825056');
INSERT INTO "django_migrations" VALUES(8,'auth','0004_alter_user_username_opts','2016-06-19 23:14:47.847341');
INSERT INTO "django_migrations" VALUES(9,'auth','0005_alter_user_last_login_null','2016-06-19 23:14:47.867553');
INSERT INTO "django_migrations" VALUES(10,'auth','0006_require_contenttypes_0002','2016-06-19 23:14:47.877881');
INSERT INTO "django_migrations" VALUES(11,'auth','0007_alter_validators_add_error_messages','2016-06-19 23:14:47.897795');
INSERT INTO "django_migrations" VALUES(12,'profiles','0001_initial','2016-06-19 23:14:47.952952');
INSERT INTO "django_migrations" VALUES(13,'admin','0001_initial','2016-06-19 23:14:47.985989');
INSERT INTO "django_migrations" VALUES(14,'admin','0002_logentry_remove_auto_add','2016-06-19 23:14:48.027480');
INSERT INTO "django_migrations" VALUES(15,'sessions','0001_initial','2016-06-19 23:14:48.050214');
INSERT INTO "django_migrations" VALUES(17,'profiles','0002_profile_website','2016-06-20 00:20:06.964090');
INSERT INTO "django_migrations" VALUES(18,'profiles','0003_move_spotlight_to_website','2016-06-20 00:31:09.030336');
INSERT INTO "django_migrations" VALUES(19,'profiles','0004_remove_profile_spotlight','2016-06-20 00:41:37.911855');
INSERT INTO "django_migrations" VALUES(20,'profiles','0005_profile_spotlight','2016-06-20 00:52:22.822279');
CREATE TABLE "taggit_tag" ("id" integer NOT NULL PRIMARY KEY AUTOINCREMENT, "name" varchar(100) NOT NULL UNIQUE, "slug" varchar(100) NOT NULL UNIQUE);
INSERT INTO "taggit_tag" VALUES(1,'art','art');
INSERT INTO "taggit_tag" VALUES(2,'music','music');
INSERT INTO "taggit_tag" VALUES(3,'tech','tech');
INSERT INTO "taggit_tag" VALUES(4,'vegan','vegan');
INSERT INTO "taggit_tag" VALUES(5,'cool','cool');
INSERT INTO "taggit_tag" VALUES(6,'coding','coding');
INSERT INTO "taggit_tag" VALUES(7,'api','api');
INSERT INTO "taggit_tag" VALUES(8,'technology','technology');
INSERT INTO "taggit_tag" VALUES(9,'django','django');
INSERT INTO "taggit_tag" VALUES(10,'veganism','veganism');
INSERT INTO "taggit_tag" VALUES(11,'cartoon','cartoon');
INSERT INTO "taggit_tag" VALUES(12,'bob','bob');
INSERT INTO "taggit_tag" VALUES(13,'startup','startup');
CREATE TABLE "taggit_taggeditem" ("id" integer NOT NULL PRIMARY KEY AUTOINCREMENT, "object_id" integer NOT NULL, "content_type_id" integer NOT NULL REFERENCES "django_content_type" ("id"), "tag_id" integer NOT NULL REFERENCES "taggit_tag" ("id"));
INSERT INTO "taggit_taggeditem" VALUES(1,1,10,1);
INSERT INTO "taggit_taggeditem" VALUES(2,1,10,2);
INSERT INTO "taggit_taggeditem" VALUES(3,1,10,3);
INSERT INTO "taggit_taggeditem" VALUES(4,1,10,4);
INSERT INTO "taggit_taggeditem" VALUES(5,1,10,5);
INSERT INTO "taggit_taggeditem" VALUES(6,2,10,8);
INSERT INTO "taggit_taggeditem" VALUES(7,2,10,9);
INSERT INTO "taggit_taggeditem" VALUES(8,2,10,4);
INSERT INTO "taggit_taggeditem" VALUES(9,2,10,6);
INSERT INTO "taggit_taggeditem" VALUES(10,2,10,7);
INSERT INTO "taggit_taggeditem" VALUES(11,3,10,10);
INSERT INTO "taggit_taggeditem" VALUES(12,3,10,11);
INSERT INTO "taggit_taggeditem" VALUES(13,3,10,5);
INSERT INTO "taggit_taggeditem" VALUES(14,3,10,6);
INSERT INTO "taggit_taggeditem" VALUES(15,4,10,3);
INSERT INTO "taggit_taggeditem" VALUES(16,4,10,12);
INSERT INTO "taggit_taggeditem" VALUES(17,4,10,13);
INSERT INTO "taggit_taggeditem" VALUES(18,4,10,6);
CREATE TABLE "django_content_type" ("id" integer NOT NULL PRIMARY KEY AUTOINCREMENT, "app_label" varchar(100) NOT NULL, "model" varchar(100) NOT NULL);
INSERT INTO "django_content_type" VALUES(1,'admin','logentry');
INSERT INTO "django_content_type" VALUES(2,'auth','permission');
INSERT INTO "django_content_type" VALUES(3,'auth','group');
INSERT INTO "django_content_type" VALUES(4,'contenttypes','contenttype');
INSERT INTO "django_content_type" VALUES(5,'sessions','session');
INSERT INTO "django_content_type" VALUES(6,'taggit','tag');
INSERT INTO "django_content_type" VALUES(7,'taggit','taggeditem');
INSERT INTO "django_content_type" VALUES(8,'profiles','user');
INSERT INTO "django_content_type" VALUES(9,'profiles','spotlight');
INSERT INTO "django_content_type" VALUES(10,'profiles','profile');
CREATE TABLE "auth_group" ("id" integer NOT NULL PRIMARY KEY AUTOINCREMENT, "name" varchar(80) NOT NULL UNIQUE);
CREATE TABLE "auth_group_permissions" ("id" integer NOT NULL PRIMARY KEY AUTOINCREMENT, "group_id" integer NOT NULL REFERENCES "auth_group" ("id"), "permission_id" integer NOT NULL REFERENCES "auth_permission" ("id"));
CREATE TABLE "auth_permission" ("id" integer NOT NULL PRIMARY KEY AUTOINCREMENT, "content_type_id" integer NOT NULL REFERENCES "django_content_type" ("id"), "codename" varchar(100) NOT NULL, "name" varchar(255) NOT NULL);
INSERT INTO "auth_permission" VALUES(1,1,'add_logentry','Can add log entry');
INSERT INTO "auth_permission" VALUES(2,1,'change_logentry','Can change log entry');
INSERT INTO "auth_permission" VALUES(3,1,'delete_logentry','Can delete log entry');
INSERT INTO "auth_permission" VALUES(4,2,'add_permission','Can add permission');
INSERT INTO "auth_permission" VALUES(5,2,'change_permission','Can change permission');
INSERT INTO "auth_permission" VALUES(6,2,'delete_permission','Can delete permission');
INSERT INTO "auth_permission" VALUES(7,3,'add_group','Can add group');
INSERT INTO "auth_permission" VALUES(8,3,'change_group','Can change group');
INSERT INTO "auth_permission" VALUES(9,3,'delete_group','Can delete group');
INSERT INTO "auth_permission" VALUES(10,4,'add_contenttype','Can add content type');
INSERT INTO "auth_permission" VALUES(11,4,'change_contenttype','Can change content type');
INSERT INTO "auth_permission" VALUES(12,4,'delete_contenttype','Can delete content type');
INSERT INTO "auth_permission" VALUES(13,5,'add_session','Can add session');
INSERT INTO "auth_permission" VALUES(14,5,'change_session','Can change session');
INSERT INTO "auth_permission" VALUES(15,5,'delete_session','Can delete session');
INSERT INTO "auth_permission" VALUES(16,6,'add_tag','Can add Tag');
INSERT INTO "auth_permission" VALUES(17,6,'change_tag','Can change Tag');
INSERT INTO "auth_permission" VALUES(18,6,'delete_tag','Can delete Tag');
INSERT INTO "auth_permission" VALUES(19,7,'add_taggeditem','Can add Tagged Item');
INSERT INTO "auth_permission" VALUES(20,7,'change_taggeditem','Can change Tagged Item');
INSERT INTO "auth_permission" VALUES(21,7,'delete_taggeditem','Can delete Tagged Item');
INSERT INTO "auth_permission" VALUES(22,8,'add_user','Can add user');
INSERT INTO "auth_permission" VALUES(23,8,'change_user','Can change user');
INSERT INTO "auth_permission" VALUES(24,8,'delete_user','Can delete user');
INSERT INTO "auth_permission" VALUES(25,9,'add_spotlight','Can add spotlight');
INSERT INTO "auth_permission" VALUES(26,9,'change_spotlight','Can change spotlight');
INSERT INTO "auth_permission" VALUES(27,9,'delete_spotlight','Can delete spotlight');
INSERT INTO "auth_permission" VALUES(28,10,'add_profile','Can add profile');
INSERT INTO "auth_permission" VALUES(29,10,'change_profile','Can change profile');
INSERT INTO "auth_permission" VALUES(30,10,'delete_profile','Can delete profile');
CREATE TABLE "profiles_user" ("id" integer NOT NULL PRIMARY KEY AUTOINCREMENT, "password" varchar(128) NOT NULL, "last_login" datetime NULL, "is_superuser" bool NOT NULL, "email" varchar(200) NOT NULL UNIQUE, "first_name" varchar(100) NOT NULL, "last_name" varchar(100) NOT NULL, "date_joined" datetime NOT NULL, "is_active" bool NOT NULL, "is_staff" bool NOT NULL);
INSERT INTO "profiles_user" VALUES(1,'pbkdf2_sha256$24000$iL0mBx8Y6yg9$4M1sdVQTlc6e7QyzPNtd2v1IWeDCm4nmOVzuVhsEqiI=','2016-06-20 00:31:42.261650',1,'sjbitcode@gmail.com','','','2016-06-19 23:15:09.702959',1,1);
INSERT INTO "profiles_user" VALUES(2,'pbkdf2_sha256$24000$uqn2u546WK8Q$5z9m4vlCCJZB6mPQKycIr/f33n+ClgdrxKutVTuEU9Q=',NULL,1,'jsanweb@gmail.com','','','2016-06-19 23:15:30.212879',1,1);
INSERT INTO "profiles_user" VALUES(3,'pbkdf2_sha256$24000$4DQW3LduuXCa$MkrFC8QUi2xToNsUQlY0aYJZpvKJbsxaQJfMx0dWb+g=',NULL,0,'tom@gmail.com','','','2016-06-19 23:17:26.036984',1,0);
INSERT INTO "profiles_user" VALUES(4,'pbkdf2_sha256$24000$ihdleu6nDoV9$Zog/qkMiHq7ZgBs2EzW5t/QZz3ULavjn9thxNeDxHZc=','2016-06-19 23:19:57.755322',0,'boblieber@gmail.com','','','2016-06-19 23:18:28.148996',1,0);
CREATE TABLE "profiles_user_groups" ("id" integer NOT NULL PRIMARY KEY AUTOINCREMENT, "user_id" integer NOT NULL REFERENCES "profiles_user" ("id"), "group_id" integer NOT NULL REFERENCES "auth_group" ("id"));
CREATE TABLE "profiles_user_user_permissions" ("id" integer NOT NULL PRIMARY KEY AUTOINCREMENT, "user_id" integer NOT NULL REFERENCES "profiles_user" ("id"), "permission_id" integer NOT NULL REFERENCES "auth_permission" ("id"));
CREATE TABLE "profiles_spotlight" ("id" integer NOT NULL PRIMARY KEY AUTOINCREMENT, "name" varchar(200) NOT NULL);
INSERT INTO "profiles_spotlight" VALUES(1,'View my portfolio');
CREATE TABLE "django_admin_log" ("id" integer NOT NULL PRIMARY KEY AUTOINCREMENT, "object_id" text NULL, "object_repr" varchar(200) NOT NULL, "action_flag" smallint unsigned NOT NULL, "change_message" text NOT NULL, "content_type_id" integer NULL REFERENCES "django_content_type" ("id"), "user_id" integer NOT NULL REFERENCES "profiles_user" ("id"), "action_time" datetime NOT NULL);
INSERT INTO "django_admin_log" VALUES(1,'1','Sangeeta Jadoonanan',1,'Added.',10,1,'2016-06-19 23:16:34.652646');
INSERT INTO "django_admin_log" VALUES(2,'2','Sandeep Jadoonanan',1,'Added.',10,1,'2016-06-19 23:17:04.078184');
INSERT INTO "django_admin_log" VALUES(3,'3','tom@gmail.com',1,'Added.',8,1,'2016-06-19 23:17:26.130812');
INSERT INTO "django_admin_log" VALUES(4,'3','Tom Jerry',1,'Added.',10,1,'2016-06-19 23:18:01.063524');
INSERT INTO "django_admin_log" VALUES(5,'4','boblieber@gmail.com',1,'Added.',8,1,'2016-06-19 23:18:28.244867');
INSERT INTO "django_admin_log" VALUES(6,'4','Bob Lieber',1,'Added.',10,1,'2016-06-19 23:19:09.520268');
CREATE TABLE "django_session" ("session_key" varchar(40) NOT NULL PRIMARY KEY, "session_data" text NOT NULL, "expire_date" datetime NOT NULL);
INSERT INTO "django_session" VALUES('2spdh2442kcy5g1j9lz81xugesbkdf6b','Y2M5ZWU2MDlkNmIwNzk4YjQzZjkyNzU1YmViM2QzYzBiNzk4OTBkNjp7Il9hdXRoX3VzZXJfaGFzaCI6ImFiZjc3OTU3ZGU3MmYzOTBmZTYxMGQyODYxOGQzMmJiMDZhNjIxMGUiLCJfYXV0aF91c2VyX2JhY2tlbmQiOiJkamFuZ28uY29udHJpYi5hdXRoLmJhY2tlbmRzLk1vZGVsQmFja2VuZCIsIl9hdXRoX3VzZXJfaWQiOiIxIn0=','2016-07-04 00:31:42.275364');
CREATE TABLE "profiles_profile" ("id" integer NOT NULL PRIMARY KEY AUTOINCREMENT, "first_name" varchar(70) NOT NULL, "last_name" varchar(70) NOT NULL, "location" varchar(120) NOT NULL, "image" varchar(100) NULL, "slug" varchar(50) NULL UNIQUE, "owner_id" integer NOT NULL UNIQUE REFERENCES "profiles_user" ("id"), "website" varchar(120) NULL, "spotlight_id" integer NULL REFERENCES "profiles_spotlight" ("id"));
INSERT INTO "profiles_profile" VALUES(1,'Sangeeta','Jadoonanan','new york','','sangeeta-jadoonanan',1,'github.com/gitsomecode',NULL);
INSERT INTO "profiles_profile" VALUES(2,'Sandeep','Jadoonanan','new','','sandeep-jadoonanan',2,'github.com/tunedmystic',NULL);
INSERT INTO "profiles_profile" VALUES(3,'Tom','Jerry','la','','tom-jerry',3,'tomjerry.com',NULL);
INSERT INTO "profiles_profile" VALUES(4,'Bob','Lieber','nyc','','bob-lieber',4,'bob.com',NULL);
DELETE FROM sqlite_sequence;
INSERT INTO "sqlite_sequence" VALUES('django_migrations',21);
INSERT INTO "sqlite_sequence" VALUES('taggit_taggeditem',18);
INSERT INTO "sqlite_sequence" VALUES('django_content_type',10);
INSERT INTO "sqlite_sequence" VALUES('auth_permission',30);
INSERT INTO "sqlite_sequence" VALUES('django_admin_log',6);
INSERT INTO "sqlite_sequence" VALUES('profiles_user',4);
INSERT INTO "sqlite_sequence" VALUES('taggit_tag',13);
INSERT INTO "sqlite_sequence" VALUES('profiles_profile',4);
INSERT INTO "sqlite_sequence" VALUES('profiles_spotlight',1);
CREATE INDEX "taggit_taggeditem_af31437c" ON "taggit_taggeditem" ("object_id");
CREATE INDEX "taggit_taggeditem_417f1b1c" ON "taggit_taggeditem" ("content_type_id");
CREATE INDEX "taggit_taggeditem_76f094bc" ON "taggit_taggeditem" ("tag_id");
CREATE INDEX "taggit_taggeditem_content_type_id_196cc965_idx" ON "taggit_taggeditem" ("content_type_id", "object_id");
CREATE UNIQUE INDEX "django_content_type_app_label_76bd3d3b_uniq" ON "django_content_type" ("app_label", "model");
CREATE UNIQUE INDEX "auth_group_permissions_group_id_0cd325b0_uniq" ON "auth_group_permissions" ("group_id", "permission_id");
CREATE INDEX "auth_group_permissions_0e939a4f" ON "auth_group_permissions" ("group_id");
CREATE INDEX "auth_group_permissions_8373b171" ON "auth_group_permissions" ("permission_id");
CREATE UNIQUE INDEX "auth_permission_content_type_id_01ab375a_uniq" ON "auth_permission" ("content_type_id", "codename");
CREATE INDEX "auth_permission_417f1b1c" ON "auth_permission" ("content_type_id");
CREATE UNIQUE INDEX "profiles_user_groups_user_id_8abc21ba_uniq" ON "profiles_user_groups" ("user_id", "group_id");
CREATE INDEX "profiles_user_groups_e8701ad4" ON "profiles_user_groups" ("user_id");
CREATE INDEX "profiles_user_groups_0e939a4f" ON "profiles_user_groups" ("group_id");
CREATE UNIQUE INDEX "profiles_user_user_permissions_user_id_d7ec8e00_uniq" ON "profiles_user_user_permissions" ("user_id", "permission_id");
CREATE INDEX "profiles_user_user_permissions_e8701ad4" ON "profiles_user_user_permissions" ("user_id");
CREATE INDEX "profiles_user_user_permissions_8373b171" ON "profiles_user_user_permissions" ("permission_id");
CREATE INDEX "django_admin_log_417f1b1c" ON "django_admin_log" ("content_type_id");
CREATE INDEX "django_admin_log_e8701ad4" ON "django_admin_log" ("user_id");
CREATE INDEX "django_session_de54fa62" ON "django_session" ("expire_date");
CREATE INDEX "profiles_profile_bf348434" ON "profiles_profile" ("spotlight_id");
COMMIT;
